ANO_LETIVO;NM_DIRETORIA;NM_MUNICIPIO;CD_REDE_ENSINO;APR_1;REP_1;ABA_1;APR_2;REP_2;ABA_2;APR_3;REP_3;ABA_3
2024;ADAMANTINA;ADAMANTINA;1;0;0;0;100;0;0;98,53;1,47;0
2024;JOSE BONIFACIO;ADOLFO;1;0;0;0;0;0;0;100;0;0
2024;SAO JOAO DA BOA VISTA;AGUAI;1;100;0;0;98,85;1,15;0;94,04;5,96;0
2024;SAO JOAO DA BOA VISTA;AGUAS DA PRATA;1;0;0;0;97,86;2,14;0;100;0;0
2024;MOGI MIRIM;AGUAS DE LINDOIA;1;100;0;0;98,95;1,05;0;97,78;2,22;0
2024;AVARE;AGUAS DE SANTA BARBARA;1;0;0;0;96,74;3,26;0;96,43;3,57;0
2024;PIRACICABA;AGUAS DE SAO PEDRO;1;0;0;0;0;0;0;98,65;1,35;0
2024;BAURU;AGUDOS;1;0;0;0;98,55;1,45;0;97,28;2,72;0
2024;ITAPETININGA;ALAMBARI;1;0;0;0;99,67;0,33;0;100;0;0
2024;PRESIDENTE PRUDENTE;ALFREDO MARCONDES;1;99,55;0,45;0;99,01;0,99;0;95,45;4,55;0
2024;BARRETOS;ALTAIR;1;0;0;0;98,25;1,75;0;94,62;5,38;0
2024;RIBEIRAO PRETO;ALTINOPOLIS;1;0;0;0;99,68;0,32;0;98,2;1,8;0
2024;PENAPOLIS;ALTO ALEGRE;1;0;0;0;100;0;0;100;0;0
2024;SAO ROQUE;ALUMINIO;1;0;0;0;0;0;0;98,8;1,2;0
2024;VOTUPORANGA;ALVARES FLORENCE;1;0;0;0;100;0;0;100;0;0
2024;PRESIDENTE PRUDENTE;ALVARES MACHADO;1;0;0;0;0;0;0;95,81;4,19;0
2024;MARILIA;ALVARO DE CARVALHO;1;0;0;0;99,4;0,6;0;100;0;0
2024;MARILIA;ALVINLANDIA;1;0;0;0;100;0;0;100;0;0
2024;AMERICANA;AMERICANA;1;99,84;0,16;0;98,26;1,74;0;94,46;5,54;0
2024;ARARAQUARA;AMERICO BRASILIENSE;1;0;0;0;99,28;0,72;0;99,04;0,96;0
2024;VOTUPORANGA;AMERICO DE CAMPOS;1;0;0;0;100;0;0;100;0;0
2024;MOGI MIRIM;AMPARO;1;99,62;0,38;0;98,82;1,18;0;96,04;3,96;0
2024;PIRASSUNUNGA;ANALANDIA;1;0;0;0;0;0;0;100;0;0
2024;ANDRADINA;ANDRADINA;1;0;0;0;98,29;1,71;0;95,97;4,03;0
2024;ITAPETININGA;ANGATUBA;1;0;0;0;100;0;0;98,43;1,57;0
2024;BOTUCATU;ANHEMBI;1;0;0;0;0;0;0;88,02;11,98;0
2024;PRESIDENTE PRUDENTE;ANHUMAS;1;0;0;0;98,88;1,12;0;96;4;0
2024;GUARATINGUETA;APARECIDA;1;0;0;0;0;0;0;94,35;5,65;0
2024;JALES;APARECIDA D'OESTE;1;0;0;0;97,63;2,37;0;87,1;12,9;0
2024;APIAI;APIAI;1;100;0;0;99,92;0,08;0;99,14;0,86;0
2024;SAO ROQUE;ARACARIGUAMA;1;0;0;0;0;0;0;99,74;0,26;0
2024;ARACATUBA;ARACATUBA;1;0;0;0;99,47;0,53;0;98,61;1,39;0
2024;VOTORANTIM;ARACOIABA DA SERRA;1;0;0;0;0;0;0;99,23;0,77;0
2024;SAO JOAQUIM DA BARRA;ARAMINA;1;0;0;0;98,31;1,69;0;98,47;1,53;0
2024;AVARE;ARANDU;1;0;0;0;99,42;0,58;0;96,74;3,26;0
2024;GUARATINGUETA;ARAPEI;1;0;0;0;0;0;0;95,88;4,12;0
2024;ARARAQUARA;ARARAQUARA;1;99,98;0,02;0;99,14;0,86;0;97,85;2,15;0
2024;PIRASSUNUNGA;ARARAS;1;99,61;0,39;0;98,36;1,64;0;96,44;3,56;0
2024;TUPA;ARCO-IRIS;1;100;0;0;96,97;3,03;0;100;0;0
2024;BAURU;AREALVA;1;0;0;0;98,59;1,41;0;96,62;3,38;0
2024;GUARATINGUETA;AREIAS;1;0;0;0;0;0;0;95,42;4,58;0
2024;BOTUCATU;AREIOPOLIS;1;0;0;0;0;0;0;98,53;1,47;0
2024;CATANDUVA;ARIRANHA;1;0;0;0;99,38;0,62;0;100;0;0
2024;LIMEIRA;ARTUR NOGUEIRA;1;0;0;0;100;0;0;99,87;0,13;0
2024;JACAREI;ARUJA;1;0;0;0;98,7;1,3;0;91,49;8,51;0
2024;JALES;ASPASIA;1;100;0;0;98,9;1,1;0;93,62;6,38;0
2024;ASSIS;ASSIS;1;0;0;0;97,85;2,15;0;96,23;3,77;0
2024;BRAGANCA PAULISTA;ATIBAIA;1;100;0;0;100;0;0;100;0;0
2024;JALES;AURIFLAMA;1;0;0;0;97,41;2,59;0;98,46;1,54;0
2024;BAURU;AVAI;1;94,12;5,88;0;99,61;0,39;0;99,4;0,6;0
2024;PENAPOLIS;AVANHANDAVA;1;0;0;0;99,81;0,19;0;98,25;1,75;0
2024;AVARE;AVARE;1;0;0;0;97,01;2,99;0;95,26;4,74;0
2024;SAO JOSE DO RIO PRETO;BADY BASSITT;1;0;0;0;100;0;0;93,92;6,08;0
2024;BAURU;BALBINOS;1;0;0;0;100;0;0;100;0;0
2024;JOSE BONIFACIO;BALSAMO;1;0;0;0;99,53;0,47;0;100;0;0
2024;GUARATINGUETA;BANANAL;1;0;0;0;0;0;0;90,81;9,19;0
2024;ITARARE;BARAO DE ANTONINA;1;100;0;0;99,46;0,54;0;100;0;0
2024;PENAPOLIS;BARBOSA;1;0;0;0;100;0;0;100;0;0
2024;JAU;BARIRI;1;0;0;0;96,44;3,56;0;90,05;9,95;0
2024;JAU;BARRA BONITA;1;0;0;0;99,53;0,47;0;99,74;0,26;0
2024;APIAI;BARRA DO CHAPEU;1;0;0;0;100;0;0;100;0;0
2024;REGISTRO;BARRA DO TURVO;1;0;0;0;98,5;1,5;0;99,31;0,69;0
2024;BARRETOS;BARRETOS;1;0;0;0;98,79;1,21;0;95,59;4,41;0
2024;SERTAOZINHO;BARRINHA;1;0;0;0;0;0;0;97,95;2,05;0
2024;ITAPEVI;BARUERI;1;0;0;0;0;0;0;95,84;4,16;0
2024;TUPA;BASTOS;1;0;0;0;99,9;0,1;0;99,26;0,74;0
2024;RIBEIRAO PRETO;BATATAIS;1;99,66;0,34;0;98,48;1,52;0;95,33;4,67;0
2024;BAURU;BAURU;1;99,39;0,61;0;97,02;2,9;0,08;92,24;7,28;0,48
2024;JABOTICABAL;BEBEDOURO;1;0;0;0;98,04;1,96;0;97,72;2,28;0
2024;ARACATUBA;BENTO DE ABREU;1;0;0;0;96,43;3,57;0;100;0;0
2024;OURINHOS;BERNARDINO DE CAMPOS;1;0;0;0;99,37;0,63;0;97,93;2,07;0
2024;SANTOS;BERTIOGA;1;0;0;0;96,99;3,01;0;96;4;0
2024;BIRIGUI;BILAC;1;0;0;0;100;0;0;100;0;0
2024;BIRIGUI;BIRIGUI;1;0;0;0;98,56;1,44;0;94,9;5,1;0
2024;MOGI DAS CRUZES;BIRITIBA-MIRIM;1;0;0;0;98,21;1,79;0;95,28;4,72;0
2024;ARARAQUARA;BOA ESPERANCA DO SUL;1;0;0;0;0;0;0;96,24;3,76;0
2024;JAU;BOCAINA;1;0;0;0;99,81;0,19;0;96,88;3,12;0
2024;BOTUCATU;BOFETE;1;0;0;0;99,55;0,45;0;97,61;2,39;0
2024;ITU;BOITUVA;1;0;0;0;0;0;0;96,79;3,21;0
2024;BRAGANCA PAULISTA;BOM JESUS DOS PERDOES;1;0;0;0;100;0;0;100;0;0
2024;ITARARE;BOM SUCESSO DE ITARARE;1;0;0;0;98,28;1,72;0;98,2;1,8;0
2024;ASSIS;BORA;1;0;0;0;100;0;0;96,67;3,33;0
2024;JAU;BORACEIA;1;0;0;0;99,29;0,71;0;100;0;0
2024;TAQUARITINGA;BORBOREMA;1;100;0;0;100;0;0;100;0;0
2024;JAU;BOREBI;1;0;0;0;0;0;0;100;0;0
2024;BOTUCATU;BOTUCATU;1;0;0;0;96,45;3,55;0;90,76;9,24;0
2024;BRAGANCA PAULISTA;BRAGANCA PAULISTA;1;0;0;0;100;0;0;100;0;0
2024;PENAPOLIS;BRAUNA;1;100;0;0;98,02;1,98;0;96,27;3,73;0
2024;BIRIGUI;BREJO ALEGRE;1;0;0;0;100;0;0;99;1;0
2024;RIBEIRAO PRETO;BRODOWSKI;1;0;0;0;97,69;2,31;0;90,06;9,94;0
2024;JAU;BROTAS;1;0;0;0;99,63;0,37;0;99,68;0,32;0
2024;ITAPEVA;BURI;1;0;0;0;0;0;0;98,66;1,34;0
2024;BIRIGUI;BURITAMA;1;0;0;0;100;0;0;100;0;0
2024;SAO JOAQUIM DA BARRA;BURITIZAL;1;0;0;0;0;0;0;96,88;3,13;0
2024;BAURU;CABRALIA PAULISTA;1;0;0;0;95,5;4,5;0;86,79;13,21;0
2024;ITU;CABREUVA;1;0;0;0;98,23;1,77;0;96,79;3,21;0
2024;TAUBATE;CACAPAVA;1;0;0;0;98,74;1,26;0;97,22;2,78;0
2024;GUARATINGUETA;CACHOEIRA PAULISTA;1;0;0;0;98,23;1,77;0;94,1;5,9;0
2024;SAO JOAO DA BOA VISTA;CACONDE;1;100;0;0;99,71;0,29;0;99,41;0,59;0
2024;LINS;CAFELANDIA;1;99,14;0,86;0;99,63;0,37;0;99,57;0,43;0
2024;PRESIDENTE PRUDENTE;CAIABU;1;0;0;0;98,91;1,09;0;98,9;1,1;0
2024;CAIEIRAS;CAIEIRAS;1;100;0;0;98,05;1,95;0;95,04;4,96;0
2024;SANTO ANASTACIO;CAIUA;1;0;0;0;98,91;1,09;0;98,2;1,8;0
2024;CAIEIRAS;CAJAMAR;1;0;0;0;0;0;0;98,39;1,61;0
2024;REGISTRO;CAJATI;1;0;0;0;99,6;0,4;0;97,03;2,97;0
2024;CATANDUVA;CAJOBI;1;0;0;0;0;0;0;99,44;0,56;0
2024;RIBEIRAO PRETO;CAJURU;1;0;0;0;96,64;3,36;0;97,35;2,65;0
2024;ITAPETININGA;CAMPINA DO MONTE ALEGRE;1;0;0;0;0;0;0;100;0;0
2024;CAMPINAS LESTE;CAMPINAS;1;99,66;0,34;0;97,6;2,4;0;94,17;5,83;0
2024;CAMPINAS OESTE;CAMPINAS;1;99,3;0,7;0;97,16;2,84;0;95,03;4,97;0
2024;JUNDIAI;CAMPO LIMPO PAULISTA;1;0;0;0;99,61;0,39;0;99,3;0,7;0
2024;PINDAMONHANGABA;CAMPOS DO JORDAO;1;0;0;0;0;0;0;99,28;0,72;0
2024;OURINHOS;CAMPOS NOVOS PAULISTA;1;0;0;0;98,76;1,24;0;99,25;0,75;0
2024;REGISTRO;CANANEIA;1;100;0;0;93,77;6,23;0;95,17;4,83;0
2024;GUARATINGUETA;CANAS;1;0;0;0;0;0;0;99,24;0,76;0
2024;ASSIS;CANDIDO MOTA;1;100;0;0;98,92;1,08;0;98,23;1,77;0
2024;TAQUARITINGA;CANDIDO RODRIGUES;1;0;0;0;0;0;0;100;0;0
2024;OURINHOS;CANITAR;1;0;0;0;0;0;0;98,91;1,09;0
2024;ITAPEVA;CAPAO BONITO;1;0;0;0;99,2;0,8;0;98,9;1,1;0
2024;VOTORANTIM;CAPELA DO ALTO;1;0;0;0;0;0;0;99,7;0,3;0
2024;CAPIVARI;CAPIVARI;1;0;0;0;97,86;2,14;0;94,62;5,38;0
2024;CARAGUATATUBA;CARAGUATATUBA;1;100;0;0;97,85;2,15;0;97,03;2,97;0
2024;CARAPICUIBA;CARAPICUIBA;1;99,46;0,54;0;98,08;1,92;0;96,35;3,65;0
2024;VOTUPORANGA;CARDOSO;1;100;0;0;100;0;0;98,46;1,54;0
2024;SAO JOAO DA BOA VISTA;CASA BRANCA;1;0;0;0;97,82;2,18;0;95,36;4,64;0
2024;RIBEIRAO PRETO;CASSIA DOS COQUEIROS;1;0;0;0;0;0;0;100;0;0
2024;ANDRADINA;CASTILHO;1;0;0;0;99,55;0,45;0;98,66;1,34;0
2024;CATANDUVA;CATANDUVA;1;0;0;0;99,63;0,37;0;97,39;2,61;0
2024;CATANDUVA;CATIGUA;1;0;0;0;96,94;3,06;0;92,93;7,07;0
2024;SAO JOSE DO RIO PRETO;CEDRAL;1;0;0;0;0;0;0;98,76;1,24;0
2024;AVARE;CERQUEIRA CESAR;1;100;0;0;98,42;1,58;0;97,89;2,11;0
2024;ITU;CERQUILHO;1;0;0;0;0;0;0;95,79;4,21;0
2024;BOTUCATU;CESARIO LANGE;1;0;0;0;0;0;0;100;0;0
2024;PIRACICABA;CHARQUEADA;1;0;0;0;99,68;0,32;0;98,91;1,09;0
2024;OURINHOS;CHAVANTES;1;0;0;0;98,6;1,4;0;97,12;2,88;0
2024;PENAPOLIS;CLEMENTINA;1;0;0;0;100;0;0;100;0;0
2024;BARRETOS;COLINA;1;0;0;0;0;0;0;100;0;0
2024;BARRETOS;COLOMBIA;1;0;0;0;0;0;0;96,82;3,18;0
2024;MOGI MIRIM;CONCHAL;1;0;0;0;98,88;1,12;0;97,62;2,38;0
2024;BOTUCATU;CONCHAS;1;0;0;0;98,7;1,3;0;90,43;9,57;0
2024;LIMEIRA;CORDEIROPOLIS;1;0;0;0;99,68;0,32;0;99,57;0,43;0
2024;BIRIGUI;COROADOS;1;0;0;0;99,15;0,85;0;99,29;0,71;0
2024;ITARARE;CORONEL MACEDO;1;0;0;0;100;0;0;96,1;3,9;0
2024;SAO CARLOS;CORUMBATAI;1;0;0;0;0;0;0;100;0;0
2024;LIMEIRA;COSMOPOLIS;1;0;0;0;98,56;1,44;0;98,81;1,19;0
2024;VOTUPORANGA;COSMORAMA;1;0;0;0;100;0;0;100;0;0
2024;CARAPICUIBA;COTIA;1;100;0;0;96,72;3,28;0;95,18;4,82;0
2024;RIBEIRAO PRETO;CRAVINHOS;1;0;0;0;95,72;4,28;0;96,84;3,16;0
2024;FRANCA;CRISTAIS PAULISTA;1;0;0;0;0;0;0;99,26;0,74;0
2024;ASSIS;CRUZALIA;1;0;0;0;100;0;0;100;0;0
2024;GUARATINGUETA;CRUZEIRO;1;0;0;0;95,42;4,58;0;92,59;7,41;0
2024;SANTOS;CUBATAO;1;98,96;1,04;0;97,5;2,5;0;96,06;3,94;0
2024;GUARATINGUETA;CUNHA;1;0;0;0;98,67;1,33;0;96,69;3,31;0
2024;SAO CARLOS;DESCALVADO;1;0;0;0;0;0;0;96,88;3,12;0
2024;DIADEMA;DIADEMA;1;99,97;0,03;0;98,47;1,53;0;97,43;2,57;0
2024;JALES;DIRCE REIS;1;94;6;0;95;5;0;97,22;2,78;0
2024;SAO JOAO DA BOA VISTA;DIVINOLANDIA;1;0;0;0;99,07;0,93;0;97,73;2,27;0
2024;TAQUARITINGA;DOBRADA;1;99,78;0,22;0;99,78;0,22;0;98,6;1,4;0
2024;JAU;DOIS CORREGOS;1;0;0;0;98,73;1,27;0;99,1;0,9;0
2024;JALES;DOLCINOPOLIS;1;0;0;0;99,02;0,98;0;97,87;2,13;0
2024;SAO CARLOS;DOURADO;1;0;0;0;0;0;0;99,53;0,47;0
2024;ADAMANTINA;DRACENA;1;0;0;0;98,74;1,26;0;98,35;1,65;0
2024;BAURU;DUARTINA;1;0;0;0;99,25;0,75;0;92,82;7,18;0
2024;SERTAOZINHO;DUMONT;1;0;0;0;0;0;0;96,21;3,79;0
2024;MARILIA;ECHAPORA;1;0;0;0;97,67;2,33;0;91,67;8,33;0
2024;REGISTRO;ELDORADO;1;100;0;0;99,63;0,37;0;99,37;0,63;0
2024;CAPIVARI;ELIAS FAUSTO;1;0;0;0;0;0;0;98,59;1,41;0
2024;CATANDUVA;ELISIARIO;1;0;0;0;0;0;0;100;0;0
2024;CATANDUVA;EMBAUBA;1;0;0;0;100;0;0;100;0;0
2024;TABOAO DA SERRA;EMBU DAS ARTES;1;99,98;0,02;0;99,03;0,97;0;97,18;2,82;0
2024;ITAPECERICA DA SERRA;EMBU-GUACU;1;100;0;0;99,88;0,12;0;97,83;2,17;0
2024;SANTO ANASTACIO;EMILIANOPOLIS;1;0;0;0;0;0;0;88,42;11,58;0
2024;LIMEIRA;ENGENHEIRO COELHO;1;0;0;0;99,87;0,13;0;99,59;0,41;0
2024;SAO JOAO DA BOA VISTA;ESPIRITO SANTO DO PINHAL;1;99,33;0,67;0;95,31;4,69;0;91,35;8,65;0
2024;OURINHOS;ESPIRITO SANTO DO TURVO;1;0;0;0;100;0;0;100;0;0
2024;MOGI MIRIM;ESTIVA GERBI;1;0;0;0;0;0;0;97,17;2,83;0
2024;FERNANDOPOLIS;ESTRELA D'OESTE;1;0;0;0;99,42;0,58;0;100;0;0
2024;MIRANTE DO PARANAPANEMA;ESTRELA DO NORTE;1;0;0;0;100;0;0;100;0;0
2024;MIRANTE DO PARANAPANEMA;EUCLIDES DA CUNHA PAULISTA;1;0;0;0;100;0;0;99,65;0,35;0
2024;PIRAJU;FARTURA;1;0;0;0;99,33;0,67;0;99,62;0,38;0
2024;TAQUARITINGA;FERNANDO PRESTES;1;0;0;0;0;0;0;100;0;0
2024;FERNANDOPOLIS;FERNANDOPOLIS;1;100;0;0;99,3;0,7;0;96,35;3,65;0
2024;MARILIA;FERNAO;1;0;0;0;100;0;0;100;0;0
2024;SUZANO;FERRAZ DE VASCONCELOS;1;0;0;0;98,03;1,97;0;97,13;2,87;0
2024;ADAMANTINA;FLORA RICA;1;0;0;0;0;0;0;100;0;0
2024;VOTUPORANGA;FLOREAL;1;0;0;0;100;0;0;100;0;0
2024;ADAMANTINA;FLORIDA PAULISTA;1;0;0;0;100;0;0;100;0;0
2024;ASSIS;FLORÍNEA;1;100;0;0;100;0;0;96,55;3,45;0
2024;FRANCA;FRANCA;1;99,89;0,11;0;98,98;1,02;0;96,13;3,87;0
2024;CAIEIRAS;FRANCISCO MORATO;1;99,59;0,41;0;97,76;2,24;0;96,18;3,82;0
2024;CAIEIRAS;FRANCO DA ROCHA;1;99,47;0,53;0;98,86;1,14;0;97,66;2,34;0
2024;BIRIGUI;GABRIEL MONTEIRO;1;0;0;0;100;0;0;100;0;0
2024;MARILIA;GALIA;1;0;0;0;100;0;0;100;0;0
2024;MARILIA;GARCA;1;0;0;0;98,46;1,54;0;89,5;10,5;0
2024;VOTUPORANGA;GASTAO VIDIGAL;1;100;0;0;99,4;0,6;0;97,14;2,86;0
2024;ARARAQUARA;GAVIAO PEIXOTO;1;0;0;0;0;0;0;100;0;0
2024;FERNANDOPOLIS;GENERAL SALGADO;1;100;0;0;100;0;0;97,22;2,78;0
2024;LINS;GETULINA;1;0;0;0;100;0;0;98,4;1,6;0
2024;BIRIGUI;GLICERIO;1;0;0;0;100;0;0;100;0;0
2024;LINS;GUAICARA;1;0;0;0;98,72;1,28;0;90,09;9,91;0
2024;LINS;GUAIMBE;1;0;0;0;100;0;0;97,01;2,99;0
2024;BARRETOS;GUAIRA;1;0;0;0;98,77;1,23;0;95,6;4,4;0
2024;SAO JOSE DO RIO PRETO;GUAPIACU;1;0;0;0;0;0;0;86,99;13,01;0
2024;APIAI;GUAPIARA;1;0;0;0;99,66;0,34;0;99,2;0,8;0
2024;SAO JOAQUIM DA BARRA;GUARA;1;0;0;0;0;0;0;100;0;0
2024;ANDRADINA;GUARACAI;1;0;0;0;99,66;0,34;0;98,57;1,43;0
2024;BARRETOS;GUARACI;1;0;0;0;0;0;0;85,76;14,24;0
2024;FERNANDOPOLIS;GUARANI D'OESTE;1;0;0;0;98,86;1,14;0;100;0;0
2024;LINS;GUARANTA;1;0;0;0;100;0;0;94,64;5,36;0
2024;ARACATUBA;GUARARAPES;1;0;0;0;99,81;0,19;0;99,65;0,35;0
2024;JACAREI;GUARAREMA;1;0;0;0;99,31;0,69;0;97,76;2,24;0
2024;GUARATINGUETA;GUARATINGUETA;1;0;0;0;95,38;4,62;0;87,87;12,13;0
2024;ITAPETININGA;GUAREI;1;0;0;0;100;0;0;100;0;0
2024;JABOTICABAL;GUARIBA;1;0;0;0;0;0;0;98,42;1,58;0
2024;SANTOS;GUARUJA;1;99,74;0,26;0;97,9;2,1;0;93,83;6,17;0
2024;GUARULHOS NORTE;GUARULHOS;1;99,79;0,21;0;98;2;0;94,56;5,44;0
2024;GUARULHOS SUL;GUARULHOS;1;99,69;0,31;0;98,42;1,58;0;96,03;3,97;0
2024;JABOTICABAL;GUATAPARA;1;0;0;0;0;0;0;95,74;4,26;0
2024;JALES;GUZOLANDIA;1;0;0;0;100;0;0;100;0;0
2024;TUPA;HERCULANDIA;1;0;0;0;98,18;1,82;0;95,31;4,69;0
2024;MOGI MIRIM;HOLAMBRA;1;0;0;0;0;0;0;98,49;1,51;0
2024;SUMARE;HORTOLANDIA;1;100;0;0;98,61;1,39;0;96,26;3,74;0
2024;BAURU;IACANGA;1;0;0;0;0;0;0;90,94;9,06;0
2024;TUPA;IACRI;1;100;0;0;99,63;0,37;0;97,25;2,75;0
2024;AVARE;IARAS;1;0;0;0;93,55;6,45;0;98,92;1,08;0
2024;SAO CARLOS;IBATE;1;0;0;0;99,62;0,38;0;96,26;3,74;0
2024;SAO JOSE DO RIO PRETO;IBIRA;1;0;0;0;0;0;0;92,48;7,52;0
2024;OURINHOS;IBIRAREMA;1;0;0;0;100;0;0;100;0;0
2024;TAQUARITINGA;IBITINGA;1;100;0;0;99,96;0,04;0;99,74;0,26;0
2024;SAO ROQUE;IBIUNA;1;0;0;0;99,14;0,86;0;97,88;2,12;0
2024;SAO JOSE DO RIO PRETO;ICEM;1;0;0;0;0;0;0;98,58;1,42;0
2024;ASSIS;IEPE;1;0;0;0;100;0;0;99,57;0,43;0
2024;JAU;IGARACU DO TIETE;1;0;0;0;97,71;2,29;0;96,33;3,67;0
2024;SAO JOAQUIM DA BARRA;IGARAPAVA;1;0;0;0;0;0;0;98,04;1,96;0
2024;JACAREI;IGARATA;1;0;0;0;98,77;1,23;0;97,41;2,59;0
2024;MIRACATU;IGUAPE;1;97,08;2,92;0;99,93;0,07;0;99,77;0,23;0
2024;MIRACATU;ILHA COMPRIDA;1;0;0;0;0;0;0;100;0;0
2024;ANDRADINA;ILHA SOLTEIRA;1;0;0;0;100;0;0;99,71;0,29;0
2024;CARAGUATATUBA;ILHABELA;1;0;0;0;0;0;0;98,11;1,89;0
2024;CAPIVARI;INDAIATUBA;1;0;0;0;99,1;0,9;0;97,42;2,58;0
2024;PRESIDENTE PRUDENTE;INDIANA;1;0;0;0;99,04;0,96;0;99,07;0,93;0
2024;FERNANDOPOLIS;INDIAPORA;1;0;0;0;100;0;0;100;0;0
2024;ADAMANTINA;INUBIA PAULISTA;1;0;0;0;100;0;0;100;0;0
2024;OURINHOS;IPAUSSU;1;0;0;0;0;0;0;100;0;0
2024;ITU;IPERO;1;0;0;0;0;0;0;100;0;0
2024;LIMEIRA;IPEUNA;1;0;0;0;99,72;0,28;0;100;0;0
2024;SAO JOSE DO RIO PRETO;IPIGUA;1;0;0;0;97,38;2,62;0;96,62;3,38;0
2024;APIAI;IPORANGA;1;0;0;0;97,45;2,55;0;98,74;1,26;0
2024;SAO JOAQUIM DA BARRA;IPUA;1;0;0;0;0;0;0;99,38;0,62;0
2024;LIMEIRA;IRACEMAPOLIS;1;0;0;0;100;0;0;100;0;0
2024;JOSE BONIFACIO;IRAPUA;1;0;0;0;100;0;0;100;0;0
2024;ADAMANTINA;IRAPURU;1;0;0;0;97,92;2,08;0;97,18;2,82;0
2024;ITARARE;ITABERA;1;100;0;0;99,77;0,23;0;99,82;0,18;0
2024;AVARE;ITAI;1;0;0;0;97,38;2,62;0;98,3;1,7;0
2024;CATANDUVA;ITAJOBI;1;0;0;0;0;0;0;99,72;0,28;0
2024;JAU;ITAJU;1;0;0;0;97,89;2,11;0;96,75;3,25;0
2024;SAO VICENTE;ITANHAEM;1;89,19;10,81;0;99,25;0,75;0;97,93;2,07;0
2024;APIAI;ITAOCA;1;100;0;0;100;0;0;100;0;0
2024;ITAPECERICA DA SERRA;ITAPECERICA DA SERRA;1;99,52;0,48;0;99,38;0,63;0;97,44;2,56;0
2024;ITAPETININGA;ITAPETININGA;1;99,62;0,38;0;99,41;0,59;0;98,56;1,44;0
2024;ITAPEVA;ITAPEVA;1;0;0;0;100;0;0;98,82;1,18;0
2024;ITAPEVI;ITAPEVI;1;0;0;0;95,3;4,7;0;94,61;5,39;0
2024;MOGI MIRIM;ITAPIRA;1;99,45;0,55;0;96,53;3,47;0;96,33;3,67;0
2024;APIAI;ITAPIRAPUA PAULISTA;1;0;0;0;98,33;1,67;0;97,63;2,37;0
2024;TAQUARITINGA;ITAPOLIS;1;100;0;0;99,93;0,07;0;99,75;0,25;0
2024;ITARARE;ITAPORANGA;1;100;0;0;99,55;0,45;0;99,76;0,24;0
2024;JAU;ITAPUI;1;0;0;0;99;1;0;100;0;0
2024;ANDRADINA;ITAPURA;1;0;0;0;99,11;0,89;0;98,94;1,06;0
2024;ITAQUAQUECETUBA;ITAQUAQUECETUBA;1;99,66;0,34;0;97,39;2,61;0;94,12;5,88;0
2024;ITARARE;ITARARE;1;0;0;0;99;1;0;98,49;1,51;0
2024;MIRACATU;ITARIRI;1;100;0;0;99,64;0,36;0;98,42;1,58;0
2024;JUNDIAI;ITATIBA;1;0;0;0;0;0;0;99,64;0,36;0
2024;BOTUCATU;ITATINGA;1;0;0;0;97,3;2,7;0;98,1;1,9;0
2024;SAO CARLOS;ITIRAPINA;1;0;0;0;99,31;0,69;0;99,05;0,95;0
2024;FRANCA;ITIRAPUA;1;0;0;0;96,72;3,28;0;88,95;11,05;0
2024;SAO JOAO DA BOA VISTA;ITOBI;1;99,66;0,34;0;96,77;3,23;0;96,81;3,19;0
2024;ITU;ITU;1;0;0;0;98,16;1,84;0;97,12;2,88;0
2024;JUNDIAI;ITUPEVA;1;0;0;0;98,16;1,84;0;97,67;2,33;0
2024;SAO JOAQUIM DA BARRA;ITUVERAVA;1;0;0;0;0;0;0;99,42;0,58;0
2024;BARRETOS;JABORANDI;1;0;0;0;0;0;0;100;0;0
2024;JABOTICABAL;JABOTICABAL;1;0;0;0;96,18;3,82;0;96,65;3,35;0
2024;JACAREI;JACAREI;1;0;100;0;98,73;1,27;0;96,72;3,28;0
2024;JOSE BONIFACIO;JACI;1;0;0;0;100;0;0;100;0;0
2024;REGISTRO;JACUPIRANGA;1;0;0;0;99,75;0,25;0;99;1;0
2024;CAMPINAS LESTE;JAGUARIUNA;1;0;0;0;0;0;0;92,14;7,86;0
2024;JALES;JALES;1;0;0;0;99,2;0,8;0;98,66;1,34;0
2024;TAUBATE;JAMBEIRO;1;0;0;0;0;0;0;97,87;2,13;0
2024;ITAPEVI;JANDIRA;1;0;0;0;96,1;3,9;0;93,32;6,68;0
2024;SERTAOZINHO;JARDINOPOLIS;1;0;0;0;0;0;0;87,9;12,1;0
2024;JUNDIAI;JARINU;1;0;0;0;99,83;0,17;0;98,93;1,07;0
2024;JAU;JAU;1;0;0;0;98,88;1,12;0;97,4;2,6;0
2024;FRANCA;JERIQUARA;1;0;0;0;0;0;0;98,29;1,71;0
2024;BRAGANCA PAULISTA;JOANOPOLIS;1;0;0;0;0;0;0;100;0;0
2024;TUPA;JOAO RAMALHO;1;0;0;0;100;0;0;96,58;3,42;0
2024;JOSE BONIFACIO;JOSE BONIFACIO;1;99,88;0,12;0;99,27;0,73;0;98,41;1,59;0
2024;MARILIA;JULIO MESQUITA;1;0;0;0;97,88;2,12;0;98,13;1,87;0
2024;ITU;JUMIRIM;1;0;0;0;0;0;0;100;0;0
2024;JUNDIAI;JUNDIAI;1;0;0;0;99,5;0,5;0;98,23;1,77;0
2024;ADAMANTINA;JUNQUEIROPOLIS;1;0;0;0;98,93;1,07;0;98,13;1,88;0
2024;MIRACATU;JUQUIA;1;0;0;0;100;0;0;99,85;0,15;0
2024;ITAPECERICA DA SERRA;JUQUITIBA;1;100;0;0;100;0;0;99,65;0,35;0
2024;TAUBATE;LAGOINHA;1;0;0;0;99,32;0,68;0;96,89;3,11;0
2024;BOTUCATU;LARANJAL PAULISTA;1;0;0;0;98,82;1,18;0;98,14;1,86;0
2024;ANDRADINA;LAVINIA;1;0;0;0;0;0;0;99,38;0,62;0
2024;GUARATINGUETA;LAVRINHAS;1;0;0;0;100;0;0;100;0;0
2024;PIRASSUNUNGA;LEME;1;0;0;0;98,22;1,78;0;97,5;2,5;0
2024;BAURU;LENCOIS PAULISTA;1;0;0;0;98,38;1,62;0;98,73;1,27;0
2024;LIMEIRA;LIMEIRA;1;100;0;0;99,41;0,59;0;98,67;1,33;0
2024;MOGI MIRIM;LINDOIA;1;0;0;0;0;0;0;96,97;3,03;0
2024;LINS;LINS;1;98,27;1,73;0;98,26;1,74;0;89,8;10,2;0
2024;GUARATINGUETA;LORENA;1;0;0;0;97,44;2,56;0;88,2;11,8;0
2024;BIRIGUI;LOURDES;1;0;0;0;100;0;0;100;0;0
2024;JUNDIAI;LOUVEIRA;1;0;0;0;99,15;0,85;0;98,35;1,65;0
2024;ADAMANTINA;LUCELIA;1;0;0;0;99,78;0,22;0;99,12;0,88;0
2024;BAURU;LUCIANOPOLIS;1;0;0;0;98,04;1,96;0;97,14;2,86;0
2024;RIBEIRAO PRETO;LUIS ANTONIO;1;0;0;0;0;0;0;99,25;0,75;0
2024;PENAPOLIS;LUIZIANIA;1;0;0;0;100;0;0;100;0;0
2024;MARILIA;LUPERCIO;1;0;0;0;100;0;0;100;0;0
2024;ASSIS;LUTECIA;1;0;0;0;98,68;1,32;0;93,33;6,67;0
2024;JAU;MACATUBA;1;0;0;0;98,61;1,39;0;97,05;2,95;0
2024;VOTUPORANGA;MACAUBAL;1;0;0;0;100;0;0;100;0;0
2024;FERNANDOPOLIS;MACEDONIA;1;0;0;0;100;0;0;100;0;0
2024;FERNANDOPOLIS;MAGDA;1;0;0;0;99,28;0,72;0;97,89;2,11;0
2024;SAO ROQUE;MAIRINQUE;1;0;0;0;0;0;0;97,88;2,12;0
2024;CAIEIRAS;MAIRIPORA;1;0;0;0;99,2;0,8;0;98,02;1,98;0
2024;PIRAJU;MANDURI;1;0;0;0;100;0;0;100;0;0
2024;SANTO ANASTACIO;MARABA PAULISTA;1;0;0;0;100;0;0;100;0;0
2024;ASSIS;MARACAI;1;0;0;0;99,66;0,34;0;100;0;0
2024;CATANDUVA;MARAPOAMA;1;0;0;0;100;0;0;100;0;0
2024;ADAMANTINA;MARIAPOLIS;1;0;0;0;100;0;0;100;0;0
2024;MARILIA;MARILIA;1;99,95;0,05;0;98,31;1,69;0;97,09;2,91;0
2024;JALES;MARINOPOLIS;1;0;0;0;100;0;0;100;0;0
2024;PRESIDENTE PRUDENTE;MARTINOPOLIS;1;0;0;0;97,55;2,45;0;96,81;3,19;0
2024;ARARAQUARA;MATAO;1;100;0;0;99,74;0,26;0;95,57;4,43;0
2024;MAUA;MAUA;1;99,78;0,22;0;97,84;2,16;0;96,84;3,16;0
2024;JOSE BONIFACIO;MENDONCA;1;0;0;0;100;0;0;100;0;0
2024;FERNANDOPOLIS;MERIDIANO;1;0;0;0;100;0;0;100;0;0
2024;JALES;MESOPOLIS;1;0;0;0;93,2;6,8;0;96,43;3,57;0
2024;SAO JOAQUIM DA BARRA;MIGUELOPOLIS;1;0;0;0;0;0;0;98,57;1,43;0
2024;JAU;MINEIROS DO TIETE;1;0;0;0;96,93;3,07;0;91,55;8,45;0
2024;FERNANDOPOLIS;MIRA ESTRELA;1;0;0;0;99,15;0,85;0;95,65;4,35;0
2024;MIRACATU;MIRACATU;1;100;0;0;99,09;0,91;0;98,42;1,58;0
2024;ANDRADINA;MIRANDOPOLIS;1;0;0;0;100;0;0;98,86;1,14;0
2024;MIRANTE DO PARANAPANEMA;MIRANTE DO PARANAPANEMA;1;100;0;0;98,93;1,07;0;97,99;2,01;0
2024;JOSE BONIFACIO;MIRASSOL;1;0;0;0;99,28;0,72;0;99,47;0,53;0
2024;SAO JOSE DO RIO PRETO;MIRASSOLANDIA;1;0;0;0;95,45;4,55;0;87,72;12,28;0
2024;SAO JOAO DA BOA VISTA;MOCOCA;1;100;0;0;97,15;2,85;0;97,2;2,8;0
2024;MOGI DAS CRUZES;MOGI DAS CRUZES;1;0;0;0;98,73;1,27;0;97,94;2,06;0
2024;MOGI MIRIM;MOGI GUACU;1;0;0;0;98,52;1,48;0;93,7;6,3;0
2024;MOGI MIRIM;MOGI MIRIM;1;100;0;0;97,65;2,35;0;95,13;4,87;0
2024;CAPIVARI;MOMBUCA;1;0;0;0;0;0;0;98,89;1,11;0
2024;VOTUPORANGA;MONCOES;1;0;0;0;100;0;0;100;0;0
2024;SAO VICENTE;MONGAGUA;1;100;0;0;100;0;0;97,09;2,91;0
2024;MOGI MIRIM;MONTE ALEGRE DO SUL;1;0;0;0;0;0;0;97,16;2,84;0
2024;JABOTICABAL;MONTE ALTO;1;0;0;0;98,46;1,54;0;98,06;1,94;0
2024;JOSE BONIFACIO;MONTE APRAZIVEL;1;0;0;0;100;0;0;98,32;1,68;0
2024;JABOTICABAL;MONTE AZUL PAULISTA;1;0;0;0;97,91;2,09;0;98,06;1,94;0
2024;ADAMANTINA;MONTE CASTELO;1;0;0;0;100;0;0;100;0;0
2024;CAPIVARI;MONTE MOR;1;0;0;0;99,18;0,82;0;95,65;4,35;0
2024;SAO JOSE DOS CAMPOS;MONTEIRO LOBATO;1;0;0;0;98,36;1,64;0;96,69;3,31;0
2024;SAO JOAQUIM DA BARRA;MORRO AGUDO;1;0;0;0;99,82;0,18;0;100;0;0
2024;BRAGANCA PAULISTA;MORUNGABA;1;0;0;0;100;0;0;100;0;0
2024;ARARAQUARA;MOTUCA;1;0;0;0;0;0;0;97,14;2,86;0
2024;ANDRADINA;MURUTINGA DO SUL;1;0;0;0;99,35;0,65;0;98,72;1,28;0
2024;ASSIS;NANTES;1;0;0;0;98,21;1,79;0;98,84;1,16;0
2024;MIRANTE DO PARANAPANEMA;NARANDIBA;1;0;0;0;0;0;0;99,38;0,62;0
2024;TAUBATE;NATIVIDADE DA SERRA;1;0;0;0;99,7;0,3;0;97,3;2,7;0
2024;BRAGANCA PAULISTA;NAZARE PAULISTA;1;100;0;0;100;0;0;100;0;0
2024;JOSE BONIFACIO;NEVES PAULISTA;1;0;0;0;100;0;0;99,58;0,42;0
2024;VOTUPORANGA;NHANDEARA;1;100;0;0;100;0;0;100;0;0
2024;JOSE BONIFACIO;NIPOA;1;0;0;0;100;0;0;100;0;0
2024;JOSE BONIFACIO;NOVA ALIANCA;1;0;0;0;98,2;1,8;0;99,51;0,49;0
2024;ITAPEVA;NOVA CAMPINA;1;0;0;0;98,57;1,43;0;98,93;1,07;0
2024;JALES;NOVA CANAA PAULISTA;1;0;0;0;100;0;0;96;4;0
2024;VOTUPORANGA;NOVA CASTILHO;1;0;0;0;100;0;0;100;0;0
2024;ARARAQUARA;NOVA EUROPA;1;0;0;0;0;0;0;97,36;2,64;0
2024;SAO JOSE DO RIO PRETO;NOVA GRANADA;1;0;0;0;99,89;0,11;0;98,97;1,03;0
2024;ADAMANTINA;NOVA GUATAPORANGA;1;0;0;0;100;0;0;100;0;0
2024;ANDRADINA;NOVA INDEPENDENCIA;1;0;0;0;0;0;0;98,16;1,84;0
2024;VOTUPORANGA;NOVA LUZITANIA;1;0;0;0;100;0;0;100;0;0
2024;AMERICANA;NOVA ODESSA;1;0;0;0;99,25;0,75;0;96,19;3,81;0
2024;CATANDUVA;NOVAIS;1;0;0;0;0;0;0;97,97;2,03;0
2024;CATANDUVA;NOVO HORIZONTE;1;0;0;0;97,22;2,78;0;98,41;1,59;0
2024;SAO JOAQUIM DA BARRA;NUPORANGA;1;0;0;0;0;0;0;99,44;0,56;0
2024;MARILIA;OCAUCU;1;0;0;0;98,77;1,23;0;97,76;2,24;0
2024;PIRAJU;OLEO;1;0;0;0;99,39;0,61;0;100;0;0
2024;BARRETOS;OLIMPIA;1;0;0;0;99,85;0,15;0;99,33;0,67;0
2024;SAO JOSE DO RIO PRETO;ONDA VERDE;1;0;0;0;95,15;4,85;0;92,21;7,79;0
2024;MARILIA;ORIENTE;1;0;0;0;97,29;2,71;0;94,74;5,26;0
2024;SAO JOSE DO RIO PRETO;ORINDIUVA;1;0;0;0;0;0;0;99,05;0,95;0
2024;SAO JOAQUIM DA BARRA;ORLANDIA;1;0;0;0;0;0;0;98,58;1,42;0
2024;OSASCO;OSASCO;1;100;0;0;98,13;1,87;0;95,82;4,18;0
2024;MARILIA;OSCAR BRESSANE;1;0;0;0;0;0;0;100;0;0
2024;ADAMANTINA;OSVALDO CRUZ;1;0;0;0;99,59;0,41;0;98,86;1,14;0
2024;OURINHOS;OURINHOS;1;100;0;0;99,75;0,25;0;98,3;1,7;0
2024;ADAMANTINA;OURO VERDE;1;0;0;0;0;0;0;100;0;0
2024;FERNANDOPOLIS;OUROESTE;1;0;0;0;99,54;0,46;0;97,19;2,81;0
2024;ADAMANTINA;PACAEMBU;1;0;0;0;98,57;1,43;0;99;1;0
2024;SAO JOSE DO RIO PRETO;PALESTINA;1;0;0;0;0;0;0;97,79;2,21;0
2024;CATANDUVA;PALMARES PAULISTA;1;0;0;0;100;0;0;97,56;2,44;0
2024;JALES;PALMEIRA D'OESTE;1;0;0;0;79,23;20,77;0;85,62;14,38;0
2024;ASSIS;PALMITAL;1;0;0;0;96,53;3,47;0;94,53;5,47;0
2024;ADAMANTINA;PANORAMA;1;0;0;0;99,71;0,29;0;98,8;1,2;0
2024;ASSIS;PARAGUACU PAULISTA;1;0;0;0;98,94;1,06;0;97,75;2,25;0
2024;TAUBATE;PARAIBUNA;1;0;0;0;98,61;1,39;0;91,93;8,07;0
2024;CATANDUVA;PARAISO;1;0;0;0;0;0;0;100;0;0
2024;ITAPETININGA;PARANAPANEMA;1;0;0;0;0;0;0;98,77;1,23;0
2024;JALES;PARANAPUA;1;0;0;0;99,47;0,53;0;100;0;0
2024;TUPA;PARAPUA;1;0;0;0;100;0;0;92,7;7,3;0
2024;BOTUCATU;PARDINHO;1;0;0;0;0;0;0;84,74;15,26;0
2024;REGISTRO;PARIQUERA-ACU;1;100;0;0;99,18;0,82;0;96,53;3,47;0
2024;VOTUPORANGA;PARISI;1;0;0;0;100;0;0;98,51;1,49;0
2024;FRANCA;PATROCINIO PAULISTA;1;0;0;0;99,06;0,94;0;96,98;3,02;0
2024;ADAMANTINA;PAULICEIA;1;0;0;0;99,54;0,46;0;99,15;0,85;0
2024;SUMARE;PAULINIA;1;0;0;0;97,7;2,3;0;94,91;5,09;0
2024;BAURU;PAULISTANIA;1;0;0;0;100;0;0;100;0;0
2024;VOTUPORANGA;PAULO DE FARIA;1;0;0;0;0;0;0;100;0;0
2024;JAU;PEDERNEIRAS;1;0;0;0;97,14;2,86;0;95,02;4,98;0
2024;BRAGANCA PAULISTA;PEDRA BELA;1;0;0;0;0;0;0;100;0;0
2024;FERNANDOPOLIS;PEDRANOPOLIS;1;0;0;0;100;0;0;100;0;0
2024;FRANCA;PEDREGULHO;1;0;0;0;99,23;0,77;0;98,21;1,79;0
2024;MOGI MIRIM;PEDREIRA;1;0;0;0;99,22;0,78;0;97,9;2,1;0
2024;ASSIS;PEDRINHAS PAULISTA;1;0;0;0;100;0;0;100;0;0
2024;MIRACATU;PEDRO DE TOLEDO;1;0;0;0;100;0;0;99,71;0,29;0
2024;PENAPOLIS;PENAPOLIS;1;100;0;0;98,34;1,66;0;97,35;2,65;0
2024;ANDRADINA;PEREIRA BARRETO;1;0;0;0;99,91;0,09;0;99,85;0,15;0
2024;BOTUCATU;PEREIRAS;1;0;0;0;98,01;1,99;0;98,78;1,22;0
2024;SAO VICENTE;PERUIBE;1;100;0;0;99,32;0,68;0;98,51;1,49;0
2024;BIRIGUI;PIACATU;1;0;0;0;98,8;1,2;0;98,91;1,09;0
2024;VOTORANTIM;PIEDADE;1;0;0;0;99,01;0,99;0;99,24;0,76;0
2024;VOTORANTIM;PILAR DO SUL;1;0;0;0;99,43;0,57;0;99,48;0,52;0
2024;PINDAMONHANGABA;PINDAMONHANGABA;1;0;0;0;99,5;0,5;0;97,5;2,5;0
2024;CATANDUVA;PINDORAMA;1;0;0;0;100;0;0;100;0;0
2024;BRAGANCA PAULISTA;PINHALZINHO;1;0;0;0;0;0;0;100;0;0
2024;SANTO ANASTACIO;PIQUEROBI;1;0;0;0;98,66;1,34;0;96,2;3,8;0
2024;GUARATINGUETA;PIQUETE;1;0;0;0;96,15;3,85;0;92,41;7,59;0
2024;BRAGANCA PAULISTA;PIRACAIA;1;0;0;0;100;0;0;100;0;0
2024;PIRACICABA;PIRACICABA;1;99,96;0,04;0;99,06;0,94;0;97,57;2,43;0
2024;PIRAJU;PIRAJU;1;0;0;0;99,24;0,76;0;95,21;4,79;0
2024;BAURU;PIRAJUI;1;0;0;0;100;0;0;99,32;0,68;0
2024;TAQUARITINGA;PIRANGI;1;0;0;0;100;0;0;100;0;0
2024;ITAPEVI;PIRAPORA DO BOM JESUS;1;0;0;0;0;0;0;94,23;5,77;0
2024;PRESIDENTE PRUDENTE;PIRAPOZINHO;1;0;0;0;98,07;1,93;0;94,93;5,07;0
2024;PIRASSUNUNGA;PIRASSUNUNGA;1;0;0;0;97,04;2,96;0;85,2;14,8;0
2024;BAURU;PIRATININGA;1;0;0;0;98,54;1,46;0;99,19;0,81;0
2024;SERTAOZINHO;PITANGUEIRAS;1;0;0;0;97,76;2,24;0;96,89;3,11;0
2024;JOSE BONIFACIO;PLANALTO;1;0;0;0;98,23;1,77;0;97,79;2,21;0
2024;ASSIS;PLATINA;1;0;0;0;99,37;0,63;0;96,97;3,03;0
2024;ITAQUAQUECETUBA;POA;1;0;0;0;98,04;1,96;0;96,64;3,36;0
2024;JOSE BONIFACIO;POLONI;1;100;0;0;99;1;0;97,96;2,04;0
2024;MARILIA;POMPEIA;1;0;0;0;96,89;3,11;0;88,91;11,09;0
2024;LINS;PONGAI;1;0;0;0;97,95;2,05;0;100;0;0
2024;SERTAOZINHO;PONTAL;1;0;0;0;100;0;0;97,15;2,85;0
2024;JALES;PONTALINDA;1;0;0;0;100;0;0;92,59;7,41;0
2024;VOTUPORANGA;PONTES GESTAL;1;0;0;0;100;0;0;100;0;0
2024;FERNANDOPOLIS;POPULINA;1;0;0;0;96,02;3,98;0;88,79;11,21;0
2024;BOTUCATU;PORANGABA;1;0;0;0;94,91;5,09;0;90,51;9,49;0
2024;ITU;PORTO FELIZ;1;0;0;0;100;0;0;94,99;5,01;0
2024;PIRASSUNUNGA;PORTO FERREIRA;1;0;0;0;94,11;5,89;0;83,02;16,98;0
2024;GUARATINGUETA;POTIM;1;0;0;0;0;0;0;91,13;8,87;0
2024;SAO JOSE DO RIO PRETO;POTIRENDABA;1;0;0;0;0;0;0;98,2;1,8;0
2024;ADAMANTINA;PRACINHA;1;0;0;0;100;0;0;100;0;0
2024;JABOTICABAL;PRADOPOLIS;1;0;0;0;0;0;0;94,42;5,58;0
2024;SAO VICENTE;PRAIA GRANDE;1;100;0;0;97,42;2,58;0;97,48;2,52;0
2024;BOTUCATU;PRATANIA;1;0;0;0;99,16;0,84;0;100;0;0
2024;BAURU;PRESIDENTE ALVES;1;100;0;0;99,45;0,55;0;100;0;0
2024;SANTO ANASTACIO;PRESIDENTE BERNARDES;1;0;0;0;0;0;0;97,02;2,98;0
2024;SANTO ANASTACIO;PRESIDENTE EPITACIO;1;99,62;0,38;0;98,99;1,01;0;97,61;2,39;0
2024;PRESIDENTE PRUDENTE;PRESIDENTE PRUDENTE;1;0;0;0;97,52;2,48;0;94,86;5,14;0
2024;SANTO ANASTACIO;PRESIDENTE VENCESLAU;1;0;0;0;98,62;1,38;0;96,16;3,84;0
2024;LINS;PROMISSAO;1;99,34;0,66;0;97,94;2,06;0;90,48;9,52;0
2024;BOTUCATU;QUADRA;1;0;0;0;0;0;0;99,41;0,59;0
2024;TUPA;QUATA;1;0;0;0;99,1;0,9;0;97,55;2,45;0
2024;TUPA;QUEIROZ;1;0;0;0;100;0;0;100;0;0
2024;GUARATINGUETA;QUELUZ;1;0;0;0;0;0;0;87,55;12,45;0
2024;TUPA;QUINTANA;1;0;0;0;99,68;0,32;0;96,39;3,61;0
2024;CAPIVARI;RAFARD;1;0;0;0;97,99;2,01;0;97,6;2,4;0
2024;TUPA;RANCHARIA;1;100;0;0;100;0;0;100;0;0
2024;TAUBATE;REDENCAO DA SERRA;1;0;0;0;100;0;0;99,35;0,65;0
2024;PRESIDENTE PRUDENTE;REGENTE FEIJO;1;0;0;0;97,07;2,93;0;94,02;5,98;0
2024;BAURU;REGINOPOLIS;1;0;0;0;99,19;0,81;0;98,58;1,42;0
2024;REGISTRO;REGISTRO;1;100;0;0;98,96;1,04;0;97,23;2,77;0
2024;FRANCA;RESTINGA;1;0;0;0;0;0;0;100;0;0
2024;APIAI;RIBEIRA;1;0;0;0;100;0;0;100;0;0
2024;SAO CARLOS;RIBEIRAO BONITO;1;0;0;0;0;0;0;98,7;1,3;0
2024;APIAI;RIBEIRAO BRANCO;1;0;0;0;98,75;1,25;0;98,23;1,77;0
2024;FRANCA;RIBEIRAO CORRENTE;1;0;0;0;0;0;0;95,74;4,26;0
2024;OURINHOS;RIBEIRAO DO SUL;1;0;0;0;99,61;0,39;0;93,04;6,96;0
2024;SANTO ANASTACIO;RIBEIRAO DOS INDIOS;1;0;0;0;96,97;3,03;0;98,21;1,79;0
2024;ITAPEVA;RIBEIRAO GRANDE;1;0;0;0;100;0;0;100;0;0
2024;MAUA;RIBEIRAO PIRES;1;99,91;0,09;0;98,94;1,06;0;96,55;3,45;0
2024;RIBEIRAO PRETO;RIBEIRAO PRETO;1;99,46;0,54;0;96,86;3,14;0;94,4;5,6;0
2024;FRANCA;RIFAINA;1;0;0;0;95,75;4,25;0;92,48;7,52;0
2024;ARARAQUARA;RINCAO;1;0;0;0;99,71;0,29;0;100;0;0
2024;TUPA;RINOPOLIS;1;100;0;0;99,5;0,5;0;97,11;2,89;0
2024;LIMEIRA;RIO CLARO;1;100;0;0;99,62;0,38;0;97,54;2,46;0
2024;CAPIVARI;RIO DAS PEDRAS;1;0;0;0;99,71;0,29;0;98,72;1,28;0
2024;MAUA;RIO GRANDE DA SERRA;1;99,45;0,55;0;97,51;2,49;0;92,29;7,71;0
2024;VOTUPORANGA;RIOLANDIA;1;0;0;0;0;0;0;100;0;0
2024;ITARARE;RIVERSUL;1;100;0;0;99,67;0,33;0;96,74;3,26;0
2024;MIRANTE DO PARANAPANEMA;ROSANA;1;100;0;0;99,86;0,14;0;99,77;0,23;0
2024;GUARATINGUETA;ROSEIRA;1;0;0;0;0;0;0;88,92;11,08;0
2024;ARACATUBA;RUBIACEA;1;0;0;0;100;0;0;100;0;0
2024;JALES;RUBINEIA;1;0;0;0;99,5;0,5;0;100;0;0
2024;LINS;SABINO;1;0;0;0;98,39;1,61;0;95,33;4,67;0
2024;ADAMANTINA;SAGRES;1;0;0;0;100;0;0;100;0;0
2024;JOSE BONIFACIO;SALES;1;0;0;0;100;0;0;98,08;1,92;0
2024;SAO JOAQUIM DA BARRA;SALES OLIVEIRA;1;0;0;0;99,43;0,57;0;99,52;0,48;0
2024;MOGI DAS CRUZES;SALESOPOLIS;1;0;0;0;99,1;0,9;0;96,3;3,7;0
2024;ADAMANTINA;SALMOURAO;1;0;0;0;100;0;0;100;0;0
2024;PIRACICABA;SALTINHO;1;0;0;0;98,1;1,9;0;98,51;1,49;0
2024;ITU;SALTO;1;99,79;0,21;0;99,48;0,52;0;99,32;0,68;0
2024;VOTORANTIM;SALTO DE PIRAPORA;1;100;0;0;98,31;1,69;0;94,75;5,25;0
2024;OURINHOS;SALTO GRANDE;1;0;0;0;98,97;1,03;0;97,14;2,86;0
2024;MIRANTE DO PARANAPANEMA;SANDOVALINA;1;0;0;0;0;0;0;95,3;4,7;0
2024;CATANDUVA;SANTA ADELIA;1;0;0;0;100;0;0;99,3;0,7;0
2024;JALES;SANTA ALBERTINA;1;0;0;0;99,65;0,35;0;100;0;0
2024;AMERICANA;SANTA BARBARA D'OESTE;1;100;0;0;99,13;0,87;0;95,55;4,45;0
2024;JACAREI;SANTA BRANCA;1;0;0;0;0;0;0;95,24;4,76;0
2024;JALES;SANTA CLARA D'OESTE;1;0;0;0;97,18;2,82;0;94,64;5,36;0
2024;PIRASSUNUNGA;SANTA CRUZ DA CONCEICAO;1;0;0;0;100;0;0;100;0;0
2024;RIBEIRAO PRETO;SANTA CRUZ DA ESPERANCA;1;0;0;0;0;0;0;100;0;0
2024;PIRASSUNUNGA;SANTA CRUZ DAS PALMEIRAS;1;0;0;0;98,64;1,36;0;96,65;3,35;0
2024;OURINHOS;SANTA CRUZ DO RIO PARDO;1;100;0;0;98,51;1,49;0;94,58;5,42;0
2024;TAQUARITINGA;SANTA ERNESTINA;1;0;0;0;100;0;0;100;0;0
2024;JALES;SANTA FE DO SUL;1;0;0;0;0;0;0;86,79;13,21;0
2024;LIMEIRA;SANTA GERTRUDES;1;0;0;0;0;0;0;97,08;2,92;0
2024;JACAREI;SANTA ISABEL;1;0;0;0;99,16;0,84;0;99,06;0,94;0
2024;ARARAQUARA;SANTA LUCIA;1;0;0;0;98,62;1,38;0;91,72;8,28;0
2024;PIRACICABA;SANTA MARIA DA SERRA;1;0;0;0;100;0;0;97,58;2,42;0
2024;ADAMANTINA;SANTA MERCEDES;1;0;0;0;100;0;0;100;0;0
2024;JALES;SANTA RITA D'OESTE;1;0;0;0;99,17;0,83;0;96,15;3,85;0
2024;PIRASSUNUNGA;SANTA RITA DO PASSA QUATRO;1;0;0;0;98,79;1,21;0;95,01;4,99;0
2024;RIBEIRAO PRETO;SANTA ROSA DE VITERBO;1;0;0;0;99,09;0,91;0;99,47;0,53;0
2024;JALES;SANTA SALETE;1;100;0;0;100;0;0;99,08;0,92;0
2024;JALES;SANTANA DA PONTE PENSA;1;100;0;0;100;0;0;100;0;0
2024;SANTO ANASTACIO;SANTO ANASTACIO;1;0;0;0;93,6;6,4;0;83,28;16,72;0
2024;SANTO ANDRE;SANTO ANDRE;1;99,43;0,57;0;97,94;2,06;0;94,97;5,03;0
2024;RIBEIRAO PRETO;SANTO ANTONIO DA ALEGRIA;1;0;0;0;0;0;0;96,83;3,17;0
2024;MOGI MIRIM;SANTO ANTONIO DE POSSE;1;0;0;0;0;0;0;95,5;4,5;0
2024;ARACATUBA;SANTO ANTONIO DO ARACANGUA;1;0;0;0;0;0;0;100;0;0
2024;SAO JOAO DA BOA VISTA;SANTO ANTONIO DO JARDIM;1;100;0;0;97,93;2,07;0;92,61;7,39;0
2024;PINDAMONHANGABA;SANTO ANTONIO DO PINHAL;1;0;0;0;0;0;0;100;0;0
2024;PRESIDENTE PRUDENTE;SANTO EXPEDITO;1;0;0;0;100;0;0;98,04;1,96;0
2024;PENAPOLIS;SANTOPOLIS DO AGUAPEI;1;0;0;0;98,86;1,14;0;98,08;1,92;0
2024;SANTOS;SANTOS;1;96,02;3,98;0;98,57;1,43;0;96,01;3,99;0
2024;PINDAMONHANGABA;SAO BENTO DO SAPUCAI;1;0;0;0;100;0;0;100;0;0
2024;SAO BERNARDO DO CAMPO;SAO BERNARDO DO CAMPO;1;100;0;0;97,4;2,6;0;93,89;6,11;0
2024;SAO BERNARDO DO CAMPO;SAO CAETANO DO SUL;1;0;0;0;98,65;1,35;0;91,1;8,9;0
2024;SAO CARLOS;SAO CARLOS;1;99,87;0,13;0;99,32;0,68;0;97,83;2,17;0
2024;JALES;SAO FRANCISCO;1;100;0;0;100;0;0;100;0;0
2024;SAO JOAO DA BOA VISTA;SAO JOAO DA BOA VISTA;1;0;0;0;97,03;2,97;0;93,18;6,82;0
2024;FERNANDOPOLIS;SAO JOAO DAS DUAS PONTES;1;0;0;0;100;0;0;97,62;2,38;0
2024;FERNANDOPOLIS;SAO JOAO DE IRACEMA;1;0;0;0;100;0;0;100;0;0
2024;ADAMANTINA;SAO JOAO DO PAU D'ALHO;1;0;0;0;100;0;0;100;0;0
2024;SAO JOAQUIM DA BARRA;SAO JOAQUIM DA BARRA;1;100;0;0;99,43;0,57;0;99,16;0,84;0
2024;FRANCA;SAO JOSE DA BELA VISTA;1;0;0;0;88,36;11,64;0;90,49;9,51;0
2024;GUARATINGUETA;SAO JOSE DO BARREIRO;1;0;0;0;0;0;0;90,68;9,32;0
2024;SAO JOAO DA BOA VISTA;SAO JOSE DO RIO PARDO;1;99,65;0,35;0;98,32;1,68;0;93,08;6,92;0
2024;SAO JOSE DO RIO PRETO;SAO JOSE DO RIO PRETO;1;66,67;33,33;0;98,11;1,89;0;95,13;4,87;0
2024;SAO JOSE DOS CAMPOS;SAO JOSE DOS CAMPOS;1;99,41;0,59;0;98,13;1,87;0;95,83;4,17;0
2024;ITAPECERICA DA SERRA;SAO LOURENCO DA SERRA;1;0;0;0;99,88;0,12;0;99,45;0,55;0
2024;TAUBATE;SAO LUIZ DO PARAITINGA;1;0;0;0;0;0;0;100;0;0
2024;BOTUCATU;SAO MANUEL;1;0;0;0;97,58;2,42;0;95,45;4,55;0
2024;ITAPETININGA;SAO MIGUEL ARCANJO;1;0;0;0;99,94;0,06;0;99,89;0,11;0
2024;CENTRO;SAO PAULO;1;99,73;0,27;0;97,71;2,29;0;96,48;3,52;0
2024;CENTRO OESTE;SAO PAULO;1;99,9;0,1;0;97,19;2,81;0;90,21;9,79;0
2024;CENTRO SUL;SAO PAULO;1;99,62;0,38;0;97,07;2,93;0;94,64;5,36;0
2024;LESTE 1;SAO PAULO;1;99,87;0,13;0;97,79;2,21;0;93,6;6,4;0
2024;LESTE 2;SAO PAULO;1;99,72;0,28;0;97,36;2,64;0;93,81;6,19;0
2024;LESTE 3;SAO PAULO;1;99,51;0,49;0;96,91;3,09;0;94,49;5,51;0
2024;LESTE 4;SAO PAULO;1;99,73;0,27;0;97,2;2,8;0;93,63;6,37;0
2024;LESTE 5;SAO PAULO;1;99,89;0,11;0;96,17;3,83;0;89,27;10,73;0
2024;NORTE 1;SAO PAULO;1;99,85;0,15;0;97,18;2,82;0;93,37;6,63;0
2024;NORTE 2;SAO PAULO;1;99,75;0,25;0;97,21;2,79;0;94,22;5,78;0
2024;SUL 1;SAO PAULO;1;99,68;0,32;0;96,59;3,41;0;94,01;5,99;0
2024;SUL 2;SAO PAULO;1;99,44;0,56;0;97,1;2,9;0;93,9;6,09;0,01
2024;SUL 3;SAO PAULO;1;99,67;0,33;0;94,95;5,05;0;93,19;6,81;0
2024;PIRACICABA;SAO PEDRO;1;0;0;0;100;0;0;99,85;0,15;0
2024;OURINHOS;SAO PEDRO DO TURVO;1;0;0;0;96,79;3,21;0;94,9;5,1;0
2024;SAO ROQUE;SAO ROQUE;1;0;0;0;0;0;0;98,73;1,27;0
2024;CARAGUATATUBA;SAO SEBASTIAO;1;0;0;0;0;0;0;98,53;1,47;0
2024;SAO JOAO DA BOA VISTA;SAO SEBASTIAO DA GRAMA;1;0;0;0;99,4;0,6;0;96,22;3,78;0
2024;RIBEIRAO PRETO;SAO SIMAO;1;100;0;0;99,34;0,66;0;98,47;1,53;0
2024;SAO VICENTE;SAO VICENTE;1;97,11;2,89;0;98,64;1,36;0;96,64;3,36;0
2024;ITAPETININGA;SARAPUI;1;0;0;0;99,84;0,16;0;98,35;1,65;0
2024;PIRAJU;SARUTAIA;1;0;0;0;97,3;2,7;0;90,1;9,9;0
2024;VOTUPORANGA;SEBASTIANOPOLIS DO SUL;1;0;0;0;100;0;0;100;0;0
2024;RIBEIRAO PRETO;SERRA AZUL;1;0;0;0;94,76;5,24;0;95,33;4,67;0
2024;MOGI MIRIM;SERRA NEGRA;1;99,39;0,61;0;99,43;0,57;0;97,41;2,59;0
2024;RIBEIRAO PRETO;SERRANA;1;0;0;0;96,04;3,96;0;94,76;5,24;0
2024;SERTAOZINHO;SERTAOZINHO;1;100;0;0;97,77;2,23;0;97,36;2,64;0
2024;REGISTRO;SETE BARRAS;1;100;0;0;99,1;0,9;0;97,94;2,06;0
2024;BARRETOS;SEVERINIA;1;0;0;0;0;0;0;100;0;0
2024;GUARATINGUETA;SILVEIRAS;1;0;0;0;97,73;2,27;0;90,87;9,13;0
2024;BRAGANCA PAULISTA;SOCORRO;1;100;0;0;100;0;0;100;0;0
2024;SOROCABA;SOROCABA;1;100;0;0;99,61;0,39;0;99,22;0,78;0
2024;ANDRADINA;SUD MENNUCCI;1;0;0;0;0;0;0;100;0;0
2024;SUMARE;SUMARE;1;99,53;0,47;0;98,51;1,49;0;96,58;3,42;0
2024;JALES;SUZANAPOLIS;1;0;0;0;98,86;1,14;0;98,96;1,04;0
2024;SUZANO;SUZANO;1;99,76;0,24;0;98,67;1,33;0;96,2;3,8;0
2024;CATANDUVA;TABAPUA;1;0;0;0;100;0;0;97,82;2,18;0
2024;TAQUARITINGA;TABATINGA;1;100;0;0;99,17;0,83;0;98,87;1,13;0
2024;TABOAO DA SERRA;TABOAO DA SERRA;1;100;0;0;99,01;0,99;0;96,64;3,36;0
2024;PRESIDENTE PRUDENTE;TACIBA;1;0;0;0;98,12;1,88;0;92,41;7,59;0
2024;PIRAJU;TAGUAI;1;0;0;0;97,89;2,11;0;96,91;3,09;0
2024;JABOTICABAL;TAIACU;1;0;0;0;97,29;2,71;0;98,36;1,64;0
2024;JABOTICABAL;TAIUVA;1;0;0;0;100;0;0;100;0;0
2024;SAO JOAO DA BOA VISTA;TAMBAU;1;0;0;0;99,21;0,79;0;99,53;0,47;0
2024;JOSE BONIFACIO;TANABI;1;0;0;0;100;0;0;100;0;0
2024;VOTORANTIM;TAPIRAI;1;0;0;0;99,32;0,68;0;99,21;0,79;0
2024;SAO JOAO DA BOA VISTA;TAPIRATIBA;1;0;0;0;100;0;0;99,42;0,58;0
2024;JABOTICABAL;TAQUARAL;1;0;0;0;100;0;0;100;0;0
2024;TAQUARITINGA;TAQUARITINGA;1;0;0;0;100;0;0;100;0;0
2024;AVARE;TAQUARITUBA;1;0;0;0;99,43;0,57;0;97,5;2,5;0
2024;ITAPEVA;TAQUARIVAI;1;0;0;0;0;0;0;98,93;1,07;0
2024;MIRANTE DO PARANAPANEMA;TARABAI;1;0;0;0;0;0;0;92,16;7,84;0
2024;ASSIS;TARUMA;1;0;0;0;97,94;2,06;0;94,73;5,27;0
2024;ITAPETININGA;TATUI;1;0;0;0;98,21;1,79;0;97,69;2,31;0
2024;TAUBATE;TAUBATE;1;100;0;0;95,85;4,15;0;97,46;2,54;0
2024;PIRAJU;TEJUPA;1;0;0;0;100;0;0;97,56;2,44;0
2024;MIRANTE DO PARANAPANEMA;TEODORO SAMPAIO;1;100;0;0;98,59;1,41;0;93,02;6,98;0
2024;SERTAOZINHO;TERRA ROXA;1;0;0;0;0;0;0;98,04;1,96;0
2024;ITU;TIETE;1;0;0;0;0;0;0;99,43;0,57;0
2024;PIRAJU;TIMBURI;1;0;0;0;95,87;4,13;0;94,37;5,63;0
2024;BOTUCATU;TORRE DE PEDRA;1;0;0;0;97,84;2,16;0;96,2;3,8;0
2024;JAU;TORRINHA;1;99,24;0,76;0;96,96;3,04;0;94,44;5,56;0
2024;ARARAQUARA;TRABIJU;1;0;0;0;0;0;0;98,73;1,27;0
2024;PINDAMONHANGABA;TREMEMBE;1;0;0;0;0;0;0;99,8;0,2;0
2024;JALES;TRES FRONTEIRAS;1;0;0;0;97,94;2,06;0;97,73;2,27;0
2024;BRAGANCA PAULISTA;TUIUTI;1;0;0;0;0;0;0;100;0;0
2024;TUPA;TUPA;1;99,59;0,41;0;99,39;0,61;0;97,98;2,02;0
2024;ADAMANTINA;TUPI PAULISTA;1;0;0;0;0;0;0;98,31;1,69;0
2024;BIRIGUI;TURIUBA;1;0;0;0;100;0;0;100;0;0
2024;FERNANDOPOLIS;TURMALINA;1;0;0;0;100;0;0;97,37;2,63;0
2024;JOSE BONIFACIO;UBARANA;1;0;0;0;0;0;0;96,88;3,13;0
2024;CARAGUATATUBA;UBATUBA;1;97,96;2,04;0;98,5;1,5;0;97,04;2,96;0
2024;BAURU;UBIRAJARA;1;0;0;0;93,08;6,92;0;89,74;10,26;0
2024;SAO JOSE DO RIO PRETO;UCHOA;1;0;0;0;0;0;0;84,65;15,35;0
2024;JOSE BONIFACIO;UNIAO PAULISTA;1;100;0;0;100;0;0;96,72;3,28;0
2024;JALES;URANIA;1;100;0;0;99,41;0,59;0;97,14;2,86;0
2024;LINS;URU;1;0;0;0;99,06;0,94;0;100;0;0
2024;JOSE BONIFACIO;URUPES;1;0;0;0;0;0;0;100;0;0
2024;VOTUPORANGA;VALENTIM GENTIL;1;0;0;0;100;0;0;100;0;0
2024;CAMPINAS OESTE;VALINHOS;1;0;0;0;98,02;1,98;0;95,81;4,19;0
2024;ARACATUBA;VALPARAISO;1;0;0;0;100;0;0;100;0;0
2024;BRAGANCA PAULISTA;VARGEM;1;0;0;0;0;0;0;100;0;0
2024;SAO JOAO DA BOA VISTA;VARGEM GRANDE DO SUL;1;0;0;0;96,26;3,74;0;85,42;14,58;0
2024;SAO ROQUE;VARGEM GRANDE PAULISTA;1;0;0;0;98,22;1,78;0;98,32;1,68;0
2024;JUNDIAI;VARZEA PAULISTA;1;0;0;0;99,7;0,3;0;99,26;0,74;0
2024;MARILIA;VERA CRUZ;1;0;0;0;97;3;0;99,42;0,58;0
2024;CAMPINAS OESTE;VINHEDO;1;0;0;0;0;0;0;93,46;6,54;0
2024;SERTAOZINHO;VIRADOURO;1;0;0;0;97,25;2,75;0;98,14;1,86;0
2024;TAQUARITINGA;VISTA ALEGRE DO ALTO;1;0;0;0;100;0;0;100;0;0
2024;JALES;VITORIA BRASIL;1;0;0;0;100;0;0;100;0;0
2024;VOTORANTIM;VOTORANTIM;1;0;0;0;99,01;0,99;0;98,23;1,77;0
2024;VOTUPORANGA;VOTUPORANGA;1;0;0;0;99,97;0,03;0;99,75;0,25;0
2024;JOSE BONIFACIO;ZACARIAS;1;0;0;0;99,28;0,72;0;98,73;1,27;0
